Air Temperature (K),Process Temperature (K),Rotational Speed (RPM),Torque (Nm),Tool Wear (min),Failure
302.4835707650562,316.99677718293003,1557,13.065432259009953,203,0
299.3086784941441,314.62316841456385,1274,44.90543210187341,211,0
303.23844269050346,310.29815184960086,1554,43.12467316025371,108,0
307.61514928204014,306.76531611147215,1271,18.642404649790656,275,0
298.8292331263833,313.4911165680679,1458,42.372975931410494,72,0
298.8293152152541,311.96742692710876,1597,41.45430932245926,166,1
307.89606407753695,314.47596610013863,1387,35.288663910157965,259,0
303.83717364576455,313.1758590084099,1372,24.9408070759875,242,0
297.65262807032525,315.2477635765967,1489,20.859950167274715,274,1
302.71280021792984,307.3238239421972,1244,19.271343611574,101,0
297.6829115359377,316.5869703281716,1260,22.744358510544288,172,0
297.6713512321487,310.987998023462,1282,46.14233773730121,170,0
301.2098113578302,320.37630436312634,1322,13.105631039551252,140,0
290.433598776711,306.55406090955216,1557,43.154851050118346,187,0
291.37541083743486,318.67981901582624,1215,23.95560300167294,85,1
297.18856235379513,310.98955391731323,1265,30.863975840454327,51,0
294.9358443983279,306.74290998192777,1344,41.77942534593963,110,0
301.5712366629764,307.5805708297284,1574,45.37506188091885,42,0
295.45987962239394,308.3982634590284,1361,23.79125680290588,210,0
292.93848149332354,312.12082973200955,1433,28.473739251004414,199,0
307.32824384460775,312.6141774401775,1579,26.58064259267169,297,1
298.8711184975673,307.1314999803071,1343,10.530041340156423,239,0
300.33764102343963,309.87822703869506,1557,21.837715554346264,114,1
292.8762590689327,320.7113517930593,1387,28.36756934930247,25,0
297.2780863773741,318.6377158505036,1521,26.44374435521759,298,0
300.55461294854933,312.18161834837014,1212,38.87716910062718,76,0
294.2450321128885,310.190017390841,1383,25.39214468884413,136,0
301.87849009172834,310.6001566335913,1310,29.57505795882681,19,0
296.99680655040595,313.0675898636521,1489,27.184343685294536,210,0
298.54153125103363,304.886037174008,1494,39.62504595577482,239,0
296.991466938853,308.7131173128833,1591,44.5188959594785,38,0
309.2613909225447,301.65707963061203,1414,31.275563160300564,267,1
299.93251387631034,311.9961156130264,1319,41.57728776780765,206,1
294.7114453552205,313.2359796985137,1581,21.871467280794022,266,1
304.11272456051597,307.5840676885031,1254,31.654784406290748,153,0
293.89578175014486,317.86993381645016,1226,23.8091981467989,41,1
301.0443179750238,303.87117168498827,1317,26.568037022873213,10,0
290.2016493806011,302.6781255989509,1420,39.296554592506745,293,0
293.35906975550785,311.1222590927999,1430,45.266499293308506,97,0
300.9843061793456,315.23549151306077,1252,14.859815643510617,274,0
303.69233289997703,318.41963845728935,1494,35.385570259495225,229,1
300.85684140594987,307.7055786856553,1520,33.28575230311194,219,0
299.4217585880588,315.39340416715646,1432,14.736601567037276,64,1
298.49448152205355,309.80745765249645,1357,18.475773217604363,231,0
292.60739004816287,309.1368635002959,1468,22.44009978930721,51,0
296.4007789580265,314.4182996874334,1220,16.67724283270006,262,1
297.69680614520104,313.2616143920671,1252,19.749179300973672,266,0
305.2856111310946,302.11803921507874,1474,20.7040319544683,153,0
301.7180914478423,317.3827017486295,1512,23.426953321562387,139,0
291.1847992231863,316.90045677073726,1480,39.97561811204636,50,1
301.62041984697396,306.87218649245233,1413,32.87648815402403,116,0
298.0745885979184,311.97901766718707,1230,49.449866878056056,45,0
296.6153899984702,312.4701509314137,1536,26.58943307869884,87,0
303.0583814442043,311.30336882911956,1382,40.154602953477,207,1
305.15499761247975,307.2484742307729,1222,44.85873685506135,268,0
304.656400595581,306.64188316030976,1231,37.159139721521676,88,0
295.8039123838868,309.87222964504275,1273,26.474589616699838,117,0
298.45393812074394,315.8636450962968,1209,40.143785229830115,53,0
301.65631715701784,312.7180007729722,1253,18.146685510907396,115,0
304.8777256356118,308.14692833956946,1251,23.102086607205297,117,1
297.60412881077355,313.8584935532417,1347,31.867410203971552,259,1
299.0717051166809,295.7572868968496,1359,33.016375491445935,74,0
294.46832512996986,315.7438285018605,1569,10.885659018905178,6,0
294.01896687959663,301.3014311061095,1213,47.80456755024035,121,0
304.062629111971,308.18779529298433,1377,37.8650908486956,10,1
306.7812001428541,304.4016505268693,1565,29.828150009275642,214,0
299.63994939209834,303.5265926213955,1252,47.325089376332336,278,0
305.0176644894601,315.8041339368926,1534,27.56382261003314,27,0
301.80818012523815,307.66149399344056,1221,49.21742281081487,234,0
296.77440122697436,311.73251940865356,1229,30.491390289739403,25,0
301.8069780275421,309.76539710560405,1390,14.571430799919177,53,0
307.69018283232987,312.3852041361156,1459,40.59203889837109,28,0
299.82086980445024,310.38410945530126,1404,37.15590900311362,163,1
307.82321827907003,303.58503887905715,1258,40.919468852223474,269,0
286.90127447955126,314.9813340972357,1463,48.057681149027246,34,0
304.1095125218761,307.53121708419343,1211,41.059572106040726,285,0
300.43523534119083,302.21709050670125,1318,34.453464088665875,272,0
298.5049632476707,307.85942419517045,1489,44.292356094433636,207,0
300.4588038826775,317.50379895317155,1537,36.92985757418126,237,0
290.06215542699556,314.25110871056745,1447,26.324762273036924,92,0
298.90164056081244,308.2567393279607,1553,45.42479056967093,172,0
301.7855628575587,308.25371147840787,1326,18.876018431374916,78,0
307.3894702237076,308.3918247439131,1274,38.58565099634897,109,1
297.4086489086318,320.3837399178042,1560,45.26253819763028,216,0
295.95753198553405,311.90967726115775,1403,39.25266078813185,105,0
297.4912147820773,312.15020823595535,1248,37.89101676215428,46,0
304.57701058851035,315.1514172701592,1278,40.10553176287344,180,0
301.64375554829843,311.19394579513255,1440,28.602209932025776,63,0
297.3511989811648,308.70478927089647,1548,44.96682728628104,245,0
302.5663371655668,309.0182507545751,1353,18.13745900544365,243,0
300.48538774674023,309.64199370292965,1473,15.095456640013571,86,0
304.84322495266446,309.8138888174508,1295,21.420351204740463,216,0
296.48973453061325,313.6381477181849,1413,31.263095870999727,6,0
298.3616892670112,310.2597294290365,1493,30.422471816373523,277,0
298.03945923433923,313.6632003860779,1408,42.82395030706346,209,0
292.6824252593394,309.5964170994571,1542,26.182746256160698,168,0
301.48060138532287,310.3931759515805,1287,29.373777051660348,137,0
301.3052763608994,300.0089965773395,1505,10.534707330375825,229,0
300.0255672832123,314.5816383735124,1463,26.389569457717563,160,0
298.82706433312427,311.73244237948995,1589,35.910969318013684,0,1
292.92314628974793,314.99005054929825,1524,10.620333225063687,235,0
297.8967733861732,295.51872310903155,1576,21.23527860744975,187,0
298.28642741736616,320.4418735239036,1519,18.3182543715756,3,0
295.9886136538919,309.30205185922415,1356,11.67941715638353,131,1
299.19357144167,315.5409140836876,1355,29.1704035965815,217,0
302.0202542840727,304.80047036437236,1338,17.26893172912626,259,0
309.4309295060527,313.06386952531284,1320,39.7232615852552,0,0
300.8728890641592,304.7329221841317,1264,43.91711535053394,70,0
301.28775195361385,306.881155196521,1306,31.823407306765912,177,0
299.62777042116915,319.57015676933395,1346,49.26829370084566,188,0
290.40614392350477,309.0465879961833,1336,28.019142858823813,290,1
299.86743062275394,311.0871643658986,1361,30.53472840899662,7,0
300.30115104970514,314.35033865344377,1299,49.568710158310004,252,1
312.3162105624264,312.478409439863,1537,19.261937438601954,291,0
299.0381951760944,310.7520945257179,1598,47.70183758707621,243,1
301.5077367116681,311.8248050123311,1506,11.71350220476453,122,0
299.8264411514738,322.01707792619135,1340,27.85547561052779,298,0
294.15660981190234,309.7119060148321,1282,12.80014048532263,282,0
305.7141140725751,311.00549523357483,1376,39.16938971654572,31,0
303.75966516343385,315.25327198003805,1397,34.33635743520071,145,0
303.95515973521526,315.5276296647899,1311,38.265370538703856,155,0
295.4530627260263,315.9351515278019,1255,24.97921599872068,15,0
307.0139715546805,313.19365111014594,1378,24.77927736125521,46,0
292.9907446860386,304.28497543634757,1385,11.812771158435783,250,1
302.93428546900134,318.1671576615055,1417,23.99779758118559,186,0
310.9522781290499,304.26827303490654,1515,47.17153609048238,30,0
295.04731837434656,311.51317732619515,1416,25.16906148721796,259,0
297.1685113519861,306.2286207499032,1319,43.2547082488788,16,0
300.4982568254382,309.679308267035,1593,43.69302018999736,38,0
297.482621729419,311.6438120515174,1374,24.929646255169352,38,0
292.24668284466935,311.60678607725134,1222,35.27954721584756,131,1
300.3428148740301,312.1096037711764,1412,13.814864090922345,29,0
294.6884814313695,318.06855634529325,1434,14.14714322937106,157,0
302.3679621531759,312.2676715075699,1212,11.946306546468533,277,0
295.402878828831,308.77921682354673,1300,33.24060373500438,202,0
307.7496720250877,314.8204358414418,1223,27.042839105043882,65,1
296.0837335383188,315.9473524446232,1563,31.921294266569603,107,0
298.3896924189716,303.86196092431504,1210,30.842927620335516,267,0
304.06758608684834,312.9870003492493,1472,24.00811964362921,221,0
293.84567841783024,313.50586371155447,1480,37.09893659293891,291,0
301.13729967302066,308.51218248320004,1293,40.34007523665563,17,0
306.53571377141213,316.8785340665581,1400,10.58513035510703,89,1
291.96258382719384,309.2497220648374,1220,18.28969199075513,180,0
300.9231692926615,310.62788226735773,1539,38.52943472333347,254,0
301.29941397124213,309.1346408785806,1410,25.464806905353367,252,0
303.90911435888654,310.07789523790734,1339,36.49935787766432,256,0
293.8152464456096,304.51862456552396,1492,23.878506389382338,86,0
293.3977169345786,302.79974558702855,1497,25.630206093185485,89,0
302.6097078280845,317.97252531612486,1300,16.3471549475874,236,1
301.48492336616596,305.7651932584084,1503,20.3292407866464,69,0
301.2524642517294,305.0430382527185,1558,34.21647030030349,43,0
301.7322410474849,299.23304943198144,1227,27.326524452606655,199,0
296.59987639210755,306.80519126155247,1240,40.97210731778381,151,0
301.161268485805,303.3845510329625,1554,44.10339819753371,85,0
301.4653623664934,318.21007580068186,1502,31.665856728670395,18,0
296.4282429098682,315.04908544671315,1345,40.33069168224237,100,0
309.32887255572376,306.5592482741114,1455,22.2761805277828,94,1
302.36916460455893,321.2621790267215,1426,26.598848616003128,253,0
294.04348251398676,314.90882743495797,1435,38.51110704867324,29,0
303.28276804316914,308.37584308245687,1560,25.448479712681227,248,1
295.1265916488634,297.50297142563215,1579,33.54019740635955,32,0
303.93542301871224,321.4547128629537,1212,17.41491116330046,228,0
305.79297789503704,303.05213766618203,1409,33.99085259881992,11,0
295.8965884082414,301.77300626521554,1428,44.460548289075746,117,0
304.8168806462216,315.1128521600482,1596,44.745585592937026,154,0
302.0639046346825,322.1987620316964,1299,38.97377625318158,245,0
304.11030079997244,316.9213640925526,1230,39.83013516304504,246,0
309.48396491326974,312.8195456002618,1585,32.31709780602803,28,0
298.77305941998566,312.9737717083264,1215,33.38672360663299,160,0
296.2313191782126,314.26707779390154,1336,15.34602325642072,234,0
295.5524278518724,313.7946429489338,1528,27.754367536852044,189,0
295.9209485751728,311.4059571198469,1365,28.03105135545455,116,1
299.6144914529295,310.5210055197594,1509,48.33991342670961,270,0
301.70575987408324,309.68703436050237,1299,27.243474504931577,257,1
301.3834539966501,306.2301770556666,1308,31.973705796110305,179,1
304.1359162451801,308.59662461566614,1542,31.3300559711641,171,0
300.06500945938956,301.5352159290231,1372,35.470468681773085,273,0
307.2676703857866,309.5083018660263,1436,39.929313253275836,258,0
298.6767158338102,305.0570444642454,1361,19.001675046834883,134,0
313.6008458329481,304.48205341392116,1592,31.148976763937426,170,0
303.12833673882506,310.89947075576737,1415,43.036708292641215,209,0
295.7142122179186,316.960011431723,1463,28.524588553500458,235,0
294.64553750969446,314.5915830300116,1462,21.13830185494292,185,1
302.4123620762159,302.1474969818841,1491,36.18836301425196,94,0
298.88268607337073,305.0518593171483,1473,42.95069583196492,10,0
303.57000247046045,314.7038559399411,1202,12.525611717095654,67,0
302.3661881228677,305.0875630323085,1227,41.07161933628909,209,0
299.63585543671564,308.8768342500149,1525,42.86591731847085,195,0
295.76603140965796,312.75026049512275,1348,28.460917103544272,97,0
292.42576387657067,305.15827772568184,1227,49.332226272738694,92,1
297.7674252396649,310.5268775307298,1509,41.46833362829236,21,1
304.28199397161734,303.329872525409,1264,40.94650259582663,171,1
301.07046872065104,306.99316178024395,1555,39.91354297648287,133,0
293.7713061064401,311.59890967071266,1220,16.02432412873096,24,0
300.8659046292559,302.03503133234165,1451,18.689235458120432,184,1
301.9265868986442,312.202373689802,1434,28.559605258577,84,0
295.58071281899436,309.9018110053666,1426,20.560173998378634,54,0
300.7686255297276,312.76244977208574,1212,26.60963889336162,250,0
300.29104359223,311.1195706703233,1512,45.538564396916826,143,0
294.2851485108469,316.82070214986925,1248,42.97307567517077,166,0
301.78893680174144,310.6261225132395,1317,35.201595139199284,223,0
302.80392263184115,307.8529722943737,1253,44.32481577004414,219,1
305.4152562158764,310.6114875151614,1337,41.35089556068997,178,0
305.2690102601745,312.7164901451819,1252,27.15939727363562,118,0
293.11165316021453,310.2443003516285,1243,18.042606081997803,264,0
295.31087480042436,310.2029584560194,1502,30.56804160037357,149,0
302.5751763360433,306.49004156096623,1252,39.44915530114201,214,0
302.56892975456105,306.68549541224525,1273,27.45678394918372,196,0
302.57523843153024,302.98697364100155,1245,36.67087639135589,41,0
319.2636574532736,318.7478837159347,1212,13.773097051641745,52,0
302.8544525534658,303.78068382304355,1364,39.920189454856136,250,0
305.677828200903,306.5354740110205,1301,42.50854479572248,294,0
304.770008817466,306.40796367215404,1479,38.27351423122165,270,0
303.256956256529,314.4746218847222,1457,48.69054350105462,122,0
298.4236537767983,308.52525160853986,1536,43.06608229842561,265,0
303.79484610246635,316.2387103633687,1555,46.12374911506153,28,0
296.13587392731216,306.63254687878066,1597,47.342843338305926,34,0
298.81590696629996,311.39497081111904,1337,42.05391967495234,5,0
297.5731822608545,305.8232647337012,1362,36.97035368025996,110,0
300.4093706969316,320.72574563886695,1586,10.22874325443157,293,0
311.57329283336753,304.0620079048524,1310,28.633030128924986,76,0
290.66367403704123,311.54910355113515,1301,32.84649194489444,146,1
303.4313009518726,313.1688844046605,1216,22.161210897919986,66,1
291.93642064405174,312.0689954872575,1467,22.72417787613888,7,1
297.64034067105285,309.07356170561144,1381,48.446376628406604,121,0
305.44475298483684,309.3508965013329,1571,45.668434608109834,174,0
300.3214000954773,310.21905735989554,1223,43.967160220068166,178,0
294.61127611035346,309.26498999185753,1228,26.240472068244426,84,1
296.42348145370016,314.81939558397454,1370,10.547942016356583,44,0
303.3979887446734,321.0526150079568,1427,13.208889858228563,135,0
296.3481668414143,307.2125410749608,1577,22.487854728704146,15,0
301.0822929479099,303.1509851021046,1387,10.62971651982708,194,0
300.22785919951906,309.5585897582437,1545,10.685991276607925,8,1
296.74199826197093,322.8985466882716,1429,46.66413206569644,14,1
310.71972044662664,305.98162716015133,1520,38.24634008476217,101,0
303.16959511159007,318.1955840272203,1539,22.35823960272611,225,0
289.874287066712,318.3885040703822,1318,15.305783104038127,277,0
300.9322715738471,307.23205879146,1355,30.465428715803085,112,0
296.69106767615807,312.84491539592636,1471,10.213846434174577,0,0
304.26216667398114,318.1419831156427,1374,47.53654975432576,265,1
296.0373963078365,308.1043612950626,1303,26.592604775557888,207,0
299.4263177926655,308.9820981994882,1291,26.09339820949331,109,0
302.5249363949023,307.0915954302568,1385,25.623744303271287,199,0
304.3287759708506,304.9262163465357,1482,12.77313321551059,11,1
293.99851796472115,306.75361227467,1380,35.53288959167306,187,1
298.32749382079527,303.8802986661887,1369,39.32014478513413,153,0
297.6252734441952,310.1704173412961,1386,37.045015903531606,278,0
296.73335383713146,306.1501338447068,1374,15.537419733175772,170,0
308.8272712014055,311.1689295589537,1421,33.1536067214237,133,0
302.02490855480477,302.2205217689819,1432,32.779379366890154,24,0
293.6955802283248,311.65440116107226,1361,44.736431517655284,17,0
304.5893097352739,314.1676448080446,1333,25.16510633502588,189,0
310.6107809850632,300.0313217871427,1590,24.859437746377367,140,0
305.16232630275573,311.87028284923787,1423,34.741082348727424,42,0
292.40315017022994,316.1383449623665,1352,35.32290613998052,283,0
297.57882963566874,303.95179490654397,1232,28.771409093031615,145,0
306.33455574593313,318.3628619341885,1254,27.722374493216844,91,1
296.4616526719061,312.09509504683024,1206,29.76590682551531,178,0
302.21909714073115,306.47494072120793,1443,44.44181198013248,55,0
303.8731702671467,309.7211546117115,1512,28.4466760501564,154,1
295.3653476421096,312.79163456260864,1325,47.5972716787929,159,1
299.702373219691,310.38002695706206,1211,30.160150543853042,110,0
283.7936632996546,312.6937799622319,1215,47.96802772723566,136,1
294.8780617933285,305.39663203460316,1407,43.31327607476303,231,0
298.73715924303417,310.84680412018037,1242,24.497252904633164,219,0
293.76108409017576,302.9314275154751,1572,44.54565685186464,67,0
308.16205651965817,309.4438696932565,1334,14.40253136804461,248,0
292.8492931101968,305.48046179267607,1427,47.00188701372058,5,0
297.7997775665151,306.32235028705117,1310,35.26574060331566,279,0
300.65370288643044,316.1804658760522,1506,12.175629940892447,93,1
307.20636644533056,315.45655060297133,1359,35.77026894603246,268,0
292.8206892441028,313.0456906045359,1530,48.96990616579024,196,1
305.8158187607748,304.5384361766371,1463,12.792026184585158,24,0
300.0511653050979,308.417957751526,1424,32.18750839120345,147,1
295.0924567447602,316.06548849989593,1416,39.9117739903749,117,0
302.31051737131634,310.7085845681995,1244,42.41034346798125,65,1
300.9952984778673,321.5966476999085,1413,26.553098612831832,174,0
296.998915614206,311.9665891969719,1258,18.16666236672972,75,1
300.3490104249501,310.96024558245017,1331,11.693691150895354,113,0
298.0734320156912,308.4544176789875,1303,33.18904628388899,110,0
300.56758672625625,310.6677045239114,1394,28.11644281070443,248,0
303.31065337260526,309.2376508180973,1356,47.94977580598844,202,0
307.9300840807268,313.540543383443,1297,12.424196308596391,146,0
293.81092250586573,314.78351158397294,1425,37.415813737840224,34,0
310.66516687328135,306.07005269746026,1404,10.998648884802286,25,0
290.2395610023875,303.3438352322111,1278,16.85736706842171,237,0
299.24107452482207,300.81897313448354,1323,28.143159996913365,13,1
302.9415860324229,312.5399566345627,1417,28.194897712114727,44,0
301.40495933867516,304.48316696913065,1203,37.42802171734576,215,0
296.88650240089703,299.2355470352376,1289,46.40852139471026,232,0
298.9593887482136,311.9428930226548,1303,35.56128635659683,192,0
297.5349953267058,322.46499758716396,1592,48.141403914060355,50,1
297.05317621527894,309.96964544230053,1318,45.2646255951199,213,1
304.2480104851051,314.1924538722582,1332,33.37999182123161,150,0
301.78507742982526,310.40914679273783,1511,43.35167803675309,274,1
296.53545202369673,309.5055517340443,1295,35.703104412945365,75,0
304.49799937716625,314.59538241493885,1530,13.142313236949086,219,0
301.53649760438304,308.54862727905675,1342,39.6225889303804,186,0
304.0643105941948,311.3369615703595,1487,13.796337650693848,288,1
303.14814420961807,311.6084890309801,1227,33.763311222788495,27,0
295.85502494538963,306.65954773178476,1477,38.105608234329154,179,0
297.19909479901514,314.9602117476826,1432,12.66110432843421,252,0
303.7364680256163,309.12520121652295,1216,19.231786157061272,125,1
303.0518513271673,306.22127420253577,1258,46.626889290465996,176,0
299.89549203017924,312.682549217852,1289,34.65257968931586,36,1
300.5866369165439,305.50766009104484,1398,19.85144075242126,98,0
306.38832447894214,310.1409057868456,1561,37.62719084592027,97,0
297.0421430558209,309.954405016779,1225,33.871056798467585,126,0
302.73548690585017,315.4294778291579,1224,30.063027996717935,167,0
298.98903673783053,312.37349116439975,1593,49.04747899952335,79,0
298.9115939838639,309.8748652062743,1500,37.33815109630036,293,0
305.49388425993595,314.08883149600143,1538,25.017644386716505,125,0
304.12708174494014,316.9510377450866,1466,42.00293728307472,149,0
304.0675481800032,312.7890515317593,1380,45.38333171684751,15,0
306.52739403577164,310.0517630992169,1559,15.008822380673257,27,0
300.1050192081638,303.4408188382492,1267,18.02211911381066,172,0
303.4097648564748,304.67443168462313,1550,18.64908036511119,45,0
298.4486662170327,308.47387647822666,1520,37.648472375461616,235,0
301.6208317624422,306.9524389892036,1248,34.121582202131336,213,1
299.3492847281616,309.0651434850728,1374,34.759662587943524,84,0
300.4849798249636,310.28324962448556,1251,47.63093198758004,281,0
302.97578512718457,312.64846377178367,1301,41.03646131229224,231,0
295.90889658383264,309.6475061097045,1415,15.117476980471327,84,0
310.4619363784273,312.432508219131,1387,23.900283297007242,64,0
294.9699130925015,310.3223720740506,1256,27.415745847029424,133,0
293.92905693606133,300.12266716823063,1246,25.838463549904198,150,0
305.79055436750036,305.30332303090626,1358,36.77234436647517,114,0
303.9583134698147,309.2795622213919,1373,45.6757241302625,63,1
303.1205990852608,303.95152628579444,1441,22.242058540911522,157,0
303.1417275463214,312.999643649981,1481,32.075085456847425,76,0
299.93876613576543,317.6537541617185,1440,41.57637687654343,145,1
295.51372814257087,316.0938092584866,1569,26.648722353813973,224,0
300.37902279096863,308.932785645349,1204,16.724725135971834,102,0
296.61419144243945,317.4536306842498,1283,28.99803861054993,87,0
304.87559866708875,310.74333728601056,1507,12.208900829721138,167,0
299.26471309248933,308.3145701444098,1560,47.695338160091076,169,0
295.8725140160374,306.9329866822953,1447,12.992848207798922,134,0
298.39307079173506,308.48765156755934,1253,27.538268610023128,49,1
302.0646572713781,308.05911590729386,1360,31.19525044354105,133,0
297.1813772359801,310.85208111187745,1425,49.41215329149142,136,1
295.88889802216784,310.80286990524934,1214,16.64087294571443,244,1
301.21843605745954,310.0152301007671,1423,14.577260744494343,108,0
301.22483285554364,312.18469084873175,1260,10.348245882501743,286,0
297.46528412314433,315.9532313739317,1321,16.22285747477209,20,0
297.6448084719084,314.74777067720663,1476,18.290919162706704,89,1
301.1602496867882,302.5755101577505,1245,35.223237663323694,295,0
292.75957829251337,297.23039432549024,1589,18.788271615656015,111,1
292.9626811281172,314.6715995561964,1493,10.820832589173008,76,0
296.4077788937378,303.1656065079229,1261,43.06473382009955,176,0
298.93276424144074,308.8761729905366,1285,24.62382804015867,147,1
301.55453782799003,304.1494348697032,1409,24.147867463229357,100,0
307.37678108474773,300.9900978120999,1277,22.099161166717064,245,0
304.2882981160101,312.7073136410239,1401,49.01493108585684,116,0
299.20030735018287,313.79577580151323,1501,16.80461669237126,91,1
299.90491896048655,307.1174479963664,1596,45.929522558129406,27,0
294.987353176811,297.04478853927543,1422,41.07213328559552,24,1
299.9074343200381,307.2687777587376,1421,13.059198219972522,57,0
298.5567068053993,311.95902002701274,1202,49.46916406003395,296,0
301.61359280169046,302.60544215612936,1205,20.854638541560423,133,0
295.8638452822384,310.91679959889575,1292,13.943317080896493,248,0
302.59673257120585,309.92345075413505,1207,43.17256936503038,37,1
307.66369456501286,312.8964574980054,1434,38.267021347108,74,0
299.4561992577157,310.59790184207077,1307,34.68875223511603,141,0
302.00855861049473,305.1346552955922,1360,16.239234547957327,167,0
303.45071995855557,315.98285750832247,1408,29.139844650238476,258,0
297.9938976405708,309.2073521348652,1439,41.222241075488554,224,0
301.1204624090521,309.86347730245035,1530,22.14495752575361,151,0
300.062962003909,305.33366020463404,1532,22.467593140601657,18,0
300.48838049274417,307.78358874404245,1249,10.125636241924884,145,0
296.13495108072266,305.5759864298655,1210,16.969736065815184,240,0
300.1225508712947,309.1352697003829,1550,45.01622500487337,236,0
302.48999145622724,318.5585424007117,1355,27.669859665508284,34,0
307.2557180389752,303.1404942853432,1269,49.369379969377356,189,0
304.79635413042604,301.9321930106163,1368,25.828318542951703,0,1
310.7659122875578,317.35585163746805,1471,38.607458191209645,152,0
296.16326218555974,308.9533816142407,1267,21.276761716189164,125,1
304.3616031836034,306.6546363067004,1554,24.55238564563734,225,0
300.91671002869174,315.19952343698037,1451,17.629039503635788,220,0
310.9490146660884,306.97192230131566,1247,23.882494739975797,210,0
295.95850857322426,319.13004856773466,1383,31.889500816825723,24,0
295.8013907890961,313.38962935669633,1519,49.67091523916998,15,0
297.00303677277986,307.5604429592715,1386,36.56806852287143,181,0
289.38052137845096,320.7865410663275,1289,17.969838176332562,128,1
297.37122489159617,306.9714253849833,1531,11.798457663662045,41,0
296.2043366922315,313.7104768600465,1338,15.054259252580424,235,1
300.75196893238103,311.4964629020325,1556,32.502208050921894,33,0
301.7087798788858,316.508706446994,1288,40.606413152670655,44,0
309.38085419607944,317.80755598363424,1473,47.616768292029874,133,0
304.7521191909303,310.16002074532884,1218,10.632926879872834,20,0
297.11548172168796,306.23291064826907,1510,30.91040566247479,121,0
295.5079266432582,312.29986071469557,1557,28.83469424892707,69,0
302.4595958575325,306.6114231512395,1573,36.24220087902816,47,0
293.39883396489677,320.0669362376331,1353,32.38315417861368,38,0
309.1572938292718,310.6826766554137,1589,37.48156602329922,286,0
305.89720060360645,308.1733922434395,1459,36.32330338996761,9,0
297.65412173947647,310.92340152932456,1307,14.680468994317849,29,0
291.4343273545456,303.2643685523515,1570,41.98871654474878,243,0
306.7693618708271,305.14192980744673,1484,14.929303028652994,273,0
299.42730077373693,316.00206953972213,1258,37.941225008365485,87,0
306.1890815598673,306.71552860514305,1324,26.645814705624268,243,0
292.02786170602815,304.7654450865903,1553,30.554029383063916,14,1
297.00312488523116,312.68326376263644,1472,46.131920575028424,3,0
300.02621849859094,315.928520773315,1306,45.59534905893946,190,0
300.2349029688237,313.5947665533253,1498,42.71425222620118,167,0
297.7496726426038,314.9802384290291,1444,30.40593521825293,8,0
303.1142496617375,306.2160245571527,1535,39.44959240535333,108,0
294.66189785308705,302.8909466662908,1446,30.515882220752374,136,0
299.2881025748935,317.5066682597774,1207,44.7842432989911,153,0
300.6014781585595,308.3866008057893,1340,26.111033329315994,208,0
302.57219417029376,308.7458349177248,1561,48.80941377659507,271,0
303.55807439044446,316.64097070924527,1207,47.292910329155106,142,1
294.37678954081065,312.7811500470033,1551,39.66410477807142,98,0
292.3294291463219,312.27943886040805,1293,21.17663536704288,68,1
306.38838410949256,320.82501172450543,1520,15.266143551730336,246,0
301.66157005989794,306.7824088480993,1238,44.1881380037279,260,0
296.25756731721725,314.63920064040616,1280,16.612091445518452,275,0
307.7557598776126,310.2850656244854,1386,44.17043155989343,78,0
300.5783731714643,311.34296139431626,1283,29.63060026849442,145,1
305.89648592031915,317.64234213206265,1287,26.26227135232417,110,0
300.3375924070505,312.53917878144813,1441,46.127631153377166,257,0
310.30373962440996,312.69148039524816,1541,34.15403930161112,92,0
308.77670421221603,315.362536686549,1292,33.06456028518871,12,0
298.75517925760465,308.1752363522856,1285,32.3506377849759,259,0
304.8578547547718,305.803951663305,1243,24.846780640781255,108,0
303.22687974792575,304.7759540298948,1336,41.42572414116509,188,0
306.84315778766177,300.16821705312,1273,20.11193776063092,94,0
295.17538269709945,320.2810356497016,1235,47.555798401651,104,1
303.4302572999922,304.4839581713916,1300,45.75940820187843,7,0
305.2921224342479,308.89373188207117,1355,23.499213026995925,66,0
291.20630256788445,308.6159335005554,1454,39.17855079326655,190,0
294.08370743667115,311.5370334890455,1370,32.92892777798366,255,0
289.8038391111995,314.0786860626965,1415,23.505972079969382,8,0
298.6529658277772,314.3023674417987,1369,49.54086591981787,116,0
303.58771127897984,307.0846128071553,1451,11.009493833930568,266,0
307.51178526048017,309.16439143106794,1559,20.105841224851467,98,0
300.37047390209887,311.4128997524415,1521,30.802962444446017,297,0
308.14307772785645,308.7565443690823,1254,30.878120139142556,163,1
293.09949270892554,318.0367278801,1290,33.55732299782257,140,0
291.48308780322424,312.45487475819124,1477,40.06704688091677,267,0
299.7222615055169,313.6743889302491,1300,34.93911322077186,36,0
301.9203272446965,313.31440634333705,1354,34.01125842112148,73,0
299.83652625952953,315.86736928742664,1576,12.140578516521732,72,1
289.6627894998006,310.90510779351854,1548,25.061211511571933,198,0
299.5543998024361,303.5158402602208,1563,19.282229588046242,129,0
293.47765249747573,311.9984397587632,1340,20.61480446407902,245,0
303.34836274415017,306.74321553104085,1372,32.173498973613796,59,0
301.83299123048425,307.3569165912512,1209,17.980212597184337,278,0
295.3006010683632,312.93182009377546,1427,21.7579640406759,102,1
297.43066541331655,316.1914153571682,1464,19.483388340693605,295,0
294.7039323905552,310.1063578836803,1447,47.94011772872779,150,0
299.68660451363417,311.5441650629948,1446,47.786629286843805,156,0
304.7757116025062,318.5110747231762,1354,34.39766234384207,205,0
295.07136976832226,311.20376589744285,1233,46.980898749275994,178,0
302.52023257758924,323.008415570902,1328,41.432505818734924,196,0
297.3487119081378,312.8275482281577,1359,33.59791531207235,222,0
296.0356358386883,301.1961862042209,1288,10.25740845987183,88,0
299.4648482002272,313.76670810552264,1292,40.90065144317616,286,1
294.8237883879031,311.9057919244139,1526,38.09953366353875,275,0
297.23175347326406,316.44876377041373,1440,34.61014613129656,235,0
294.01061053705575,313.3659067563498,1522,40.41697246729887,182,0
309.8236256645819,309.30772008008114,1316,30.51688659099063,208,0
300.17631775985865,303.87850881855314,1293,38.16333085285356,129,0
296.5013724600371,308.95488371356987,1362,47.406883469059736,152,1
301.0698995536711,305.7473977289535,1298,25.032200633843452,12,0
299.4383597515459,307.0973827509764,1312,38.32487339602501,121,0
298.8951520023339,312.942892022103,1558,29.02751272043835,219,0
303.07083350021713,318.349522521757,1290,36.975986072559266,105,0
303.78753855023655,311.9733576491149,1545,40.51573342217456,69,0
297.34749426194736,304.0205846898241,1405,11.818100017431838,194,0
297.1209087967766,312.2230133411007,1216,35.86401775794648,185,1
298.6247415142418,315.98315743322826,1473,19.069647376277782,98,1
288.49039417632207,306.9510854784031,1372,36.80130151230267,81,0
292.42404468900725,309.32991416663543,1315,28.73320743735254,74,0
306.83437133722265,310.073440973646,1548,40.942109674595486,191,0
308.2248385675064,306.0755084345888,1380,14.936032608223858,213,1
298.7548198022181,313.24140216921927,1290,35.0528940662478,143,1
302.88278481527885,309.3952592569611,1281,21.138829157102094,215,0
301.5562507727177,312.09766221953515,1523,44.119279813223656,14,0
315.39440404227616,305.5625391109895,1313,47.135340225452296,216,0
305.5978745571729,307.81270849838296,1456,49.85593174716222,34,0
299.3604120425962,313.61190678913886,1257,41.84029609709133,182,1
295.22229779699785,308.13583423954117,1353,40.14936281712018,269,0
291.9677683987121,318.634819256167,1564,18.620030354702042,99,0
301.01731817933614,308.001819071927,1315,23.44028235960435,6,0
296.2182462735785,311.12342362875944,1542,28.627301670491182,29,0
292.88873145201165,314.6629541593654,1465,40.93524191128999,143,0
296.76713557878736,302.9081713353348,1514,46.59863460311875,110,0
294.592259981928,301.1959559400961,1402,17.565564000919384,231,0
308.43570817536283,302.3717184271495,1240,46.89469938680411,178,0
304.40819878474724,316.3129205171359,1304,37.82498609416232,71,0
299.9601367934169,307.24070927053776,1588,34.430829227401546,209,1
307.39972069445014,322.79099642834126,1577,17.99365085127758,219,0
300.3868415382381,307.17876200671304,1392,12.221001312366022,79,1
295.6935789933587,310.92275651598516,1477,32.738595940317595,82,1
307.61562038634827,317.7105497628394,1553,36.06062733315569,41,0
302.6945502184233,320.03046444079564,1436,18.43125797418753,272,0
294.81376922836773,320.307517883182,1420,32.25824823301826,190,0
299.04830660958197,316.0418311529657,1267,44.25973611050294,172,1
295.6219087330762,315.1203126290573,1396,43.4026378182008,6,1
293.0860013451783,312.9626347460059,1455,47.09420722345189,154,1
304.6308877376582,313.8918053808332,1338,24.63543238227522,9,0
309.5470832023507,307.24407141835735,1511,22.72198290203675,33,0
293.0071621309043,305.9090055828885,1348,39.977040239232345,35,0
302.81484618345286,309.98312771294525,1298,27.2444962038802,5,0
296.74678715439086,309.1490768873754,1275,13.501946561111225,214,0
297.56437308117654,307.7338597533636,1481,21.31204522681999,133,0
297.0380303788057,313.4819372372836,1570,26.743291421259563,284,0
295.68004615160095,314.77652604285254,1308,21.70065701905008,125,0
300.24260813972415,310.44203443145926,1387,23.288222837892864,173,0
295.8452494179448,317.3876504052763,1398,21.75103624697563,151,0
301.3522841288992,304.29155442933245,1502,11.659966687323177,25,0
299.7488094527543,309.0317027036014,1526,35.4837880329777,114,0
298.8052597656679,306.41588839698596,1353,33.89169681413877,283,0
295.46218168979203,300.6673169146347,1239,36.13533993914722,74,1
297.11614334715836,309.5865965707865,1332,17.6923958413451,165,0
303.7769561291288,309.3912624580836,1331,21.826181664499412,188,0
302.5045859381219,317.56724871621066,1478,34.78463707779689,77,0
295.1122237760072,313.1540584227739,1561,33.985102738396854,89,1
300.4966615271461,304.87906587835397,1283,30.25321237417071,175,1
303.7569356168589,319.27046283167095,1598,24.016530000407897,20,0
291.65297359439313,316.10516847762676,1441,46.51724019098759,53,0
302.71680096189965,312.9104885173431,1315,23.59080969195375,183,0
296.68688120527077,308.8675795057508,1308,28.224766257490064,221,1
302.8529933429658,305.2028038163826,1420,37.124553238168346,178,0
296.1837042172874,308.13896611964475,1591,31.720857234670564,275,0
290.9755894966774,315.44374309852094,1240,23.875439054575423,111,0
291.8622878105842,319.42293152967306,1567,27.425791618260394,223,0
300.2404247333069,317.71621764136097,1346,41.77923271414024,213,0
301.2986125086074,307.5557528910686,1311,21.125166219464496,58,0
295.47841687447794,304.40191283355495,1302,15.690209591072616,108,0
303.19296229388686,310.704431234556,1245,22.526528073191084,156,1
291.6923996886552,301.15780317218577,1523,43.981368619516054,190,0
299.6696010067634,311.6158385709239,1577,13.559588594253867,199,0
293.9449190011877,309.26198706850664,1470,49.667842934898076,195,1
296.7408194609892,307.6698174906588,1584,31.640115957106502,34,0
300.23699335658205,302.026484663666,1394,49.39382975868376,245,0
295.6979331735802,312.5680005328486,1566,47.5598568834391,236,0
298.07722227885085,307.33649580169043,1479,28.112548568436672,103,0
305.0314640460722,304.1504158214486,1482,17.939642984213965,6,0
297.11554065238425,295.63868893359177,1239,16.595391062605536,282,0
304.17846056032573,309.86242547474683,1388,19.599574554798302,0,0
294.3514657267119,318.8612579833487,1363,38.405305622581494,218,0
302.64902088957643,318.30629607273937,1223,20.917999789259515,229,0
307.2078431032895,307.71451871706864,1223,23.65701078417193,171,0
287.64177749936357,306.9889396981911,1203,27.95115215978459,86,0
296.01552372264763,312.34387128037514,1522,46.52930721685826,40,0
302.8853606359027,305.00807280405854,1489,17.575736715393845,122,0
298.98477306978504,311.50895949909733,1380,10.201062104392125,297,1
301.85572936685656,313.83040139192343,1447,12.403856415126807,177,1
296.9800740664209,316.1346661194215,1315,46.190653667204714,62,0
300.4329489373645,309.49922961760024,1478,35.900658593734526,164,0
299.2216138230396,308.9816312491152,1564,20.92162477311227,186,0
305.83891030829903,305.6100870662172,1268,17.087700040447643,208,0
301.2721042165061,305.8655982298007,1550,21.770669465484573,226,0
301.688013310376,308.8676055404924,1453,14.591877090051204,47,0
297.9406151693877,311.8368275340809,1380,47.66131641137764,223,0
297.5619688796375,314.56792313116625,1517,41.36824697461067,2,0
297.8372090609019,305.9841052465983,1368,28.49564707650163,174,0
301.97226071189147,317.4634428447976,1512,44.598504204608076,98,1
297.89507759589867,308.6443819947872,1448,19.97832817172929,115,0
301.4488742844821,309.89316352825784,1387,38.68482273888774,269,0
310.3770039932272,306.2639416042609,1253,44.24529996054974,252,1
304.35562351715845,297.8787986986353,1525,24.270748464930904,94,0
298.36988233916077,314.42022698180523,1556,40.298577818028704,272,1
306.00606961081974,313.68421948546217,1512,21.802893970572374,23,0
297.95962313489224,308.59336221440896,1337,21.95428541036123,115,1
289.80937732411076,310.33495358612436,1367,14.282287142167442,150,1
294.95956844541297,312.5796960885205,1590,27.602321860375948,49,0
290.64604039487074,302.1872707155673,1302,39.18847625989689,205,0
298.24243257979344,307.3547366132685,1284,47.6088322228514,78,0
300.09209189594776,313.9713233981091,1516,34.15187967716385,69,1
308.3821865613764,303.72855288415377,1411,44.52542150942956,26,0
301.6346368688208,311.46778966083315,1202,42.899785971609084,270,0
298.9044973559557,303.21709097688296,1583,16.933722119011236,49,0
304.14702790591747,312.3321499121676,1378,29.43269715650526,291,0
288.94432345496057,309.8217925885126,1541,14.676941421015659,246,0
301.17807279054284,301.92434092047245,1502,37.2861264624654,263,0
303.85432596943485,315.82369677228587,1531,47.99598672984304,78,0
292.6070687711008,306.32704211600975,1237,15.48357832315026,189,1
305.71877021603467,305.9487378149281,1438,39.35532523210165,46,0
301.6924820374721,311.00284598615474,1368,35.28952603471444,188,0
297.92356043049597,315.74318674714357,1596,33.34420148032399,255,0
303.1639093305314,304.920890905108,1542,25.60480938753357,221,0
311.353464289022,310.30839924923987,1513,24.2052659101525,240,0
300.90933127529246,312.14408250165286,1505,11.809967560755513,268,0
301.2411029315017,313.46552803631573,1229,18.71634833008054,0,0
297.7031955022988,310.8822077763861,1389,10.607075291473077,33,1
295.75077815267605,308.1648608045834,1556,33.25668422328082,78,0
304.1516790827212,305.8620488967564,1224,14.234129435116355,235,0
295.7195808704557,310.43071941523186,1311,44.920775761188644,97,0
300.357831186097,304.63930494007195,1405,30.925720827886607,81,0
297.61171276617443,295.39324758252695,1384,37.98759636234834,191,1
302.39489912873194,312.18279902078837,1581,26.43428367361986,252,1
301.66831052643477,314.519674205431,1578,32.423192360041945,37,0
305.1876997212895,298.1853378222908,1246,47.70636707866522,13,0
297.44991800572626,304.95134647645034,1573,13.309361584946831,208,0
298.6506253235331,313.095771305026,1427,20.157510876947846,88,0
295.1061814210885,320.28747734855847,1238,41.19953307642177,55,0
297.77853369961946,310.10396853837705,1215,13.949488275306635,93,1
301.8865024652243,306.3599852938543,1221,13.026444156164434,92,0
303.7849430832268,309.0855177944758,1412,24.461655950161543,84,0
295.38917337911187,316.87438209574094,1509,13.686718338897293,244,0
304.3480296005283,306.77017910437735,1348,33.40313768824812,21,0
306.77818929402474,306.00403996674873,1440,19.051010032663992,290,0
302.0671745161185,307.58628238908983,1471,45.827918527974894,271,0
309.38397906279033,305.23335695870645,1258,41.340003233810265,121,0
296.1310540044821,310.613351579974,1486,37.988208243979045,127,0
293.7767264834429,318.12339229234783,1401,34.67776109538008,112,0
291.1063987554786,311.6153963655801,1231,44.53862921365853,272,1
307.48022155744593,308.73823248936856,1361,18.922482461710274,129,0
303.2718282817703,308.54094365542227,1454,44.92435371056911,131,0
299.7220766454477,302.18404595651674,1453,41.57969193696209,84,0
301.3998431315991,314.4155488857358,1208,39.926433055507424,80,0
294.3725547635081,309.610814014936,1338,32.450227122996964,68,0
312.22875989808415,309.0976004320469,1209,19.849766438824005,147,0
300.64610590987616,325.9655378392243,1413,26.941916639675853,15,0
300.5469739730245,311.49376454182845,1472,41.74282618155206,104,0
303.62883311949344,306.24104474952406,1523,11.271139374292979,164,0
302.40504615868355,307.86821201897226,1247,41.282030770550335,200,0
301.11942012139565,315.7422285459838,1310,19.60282961950266,196,0
296.0476277227734,310.56635205268884,1352,15.772368028864122,184,0
302.35734178568,302.8086101084132,1322,14.628052727212086,264,0
309.4101224823752,314.596144672876,1556,11.090000478032604,99,0
306.7271002307749,306.659279572305,1301,30.943459408858118,213,1
307.965933133197,319.3664888810877,1440,18.73039490774918,277,1
297.44392161784407,315.40024032857326,1520,49.577270631185264,161,1
295.0519758987071,307.76339052170624,1390,32.97747023488823,156,1
299.37106539950173,316.40508180867556,1416,15.515410774240417,250,0
300.27862456144345,310.33927755263704,1250,37.55050163245461,96,0
305.47095759235475,314.2638683756111,1491,45.909742660389014,17,1
291.5376768514259,312.4236640864724,1280,39.807179814784575,96,1
307.64775159730306,305.76821672504565,1582,13.057594441577907,0,1
299.20996050710505,306.78225083841266,1287,45.83536724770638,215,0
297.8655946502629,315.1498040879058,1393,41.75717543439859,131,0
294.9394781236992,308.3261233394673,1303,16.332156004224572,259,0
291.7257166406712,307.98175768379,1470,12.071435549312675,124,0
304.1158529198096,305.2243871032532,1295,32.29242301257234,81,0
300.366589835942,312.1179953279673,1578,16.241432453599074,282,0
293.55019550129475,320.3126245962157,1397,43.38363810381088,170,0
293.5246061396819,304.6623354287286,1200,24.33338626686695,58,0
298.32107650354936,310.1210972833638,1577,46.51569778946302,31,1
308.345107626447,317.06110277707717,1366,32.62752688564023,160,0
298.702043243182,309.6017930437714,1325,17.306895369586726,283,0
292.48428523440947,312.2618589812487,1512,15.583954694392004,105,0
298.7712846795703,304.6880323592656,1280,33.05889750231016,104,0
298.63638215126167,312.14153548603826,1450,40.47534447449776,227,1
286.51556678529215,309.06427867497723,1368,41.260225909687286,187,0
299.72852566741096,314.92864997839933,1272,21.030296177651252,69,1
298.84532734895663,315.93693025782375,1340,18.169870356486697,289,0
303.4810318240671,322.9478182100931,1269,10.670252179695296,86,1
309.2447804747267,312.89816586606787,1461,37.16796604804678,55,0
305.6328251477388,311.62898158291085,1539,13.06273033734156,112,0
298.65555654722584,310.9719215078867,1507,26.830448070637033,12,1
294.46737045629163,308.23416853594654,1444,34.067286560731844,17,0
312.8667990162493,311.69241921730844,1202,47.48435779678708,181,0
300.2960921700724,308.52299294930486,1536,22.472085478230746,112,0
300.06964645956475,310.84230488134807,1262,19.990886497860792,228,0
299.87937456444996,316.5879876780398,1248,36.16640617144394,170,0
300.9904238038393,304.9672871736018,1275,34.769561282143265,294,0
299.27819794038027,315.69939280564523,1567,23.284391332324983,188,0
297.1316899655988,316.5855753366993,1374,47.12407342039146,78,0
297.265705293798,309.4096573650446,1308,43.79449309958531,145,1
299.83623364892003,299.390725504957,1382,18.959301834603245,181,0
297.28287614433117,306.96089006452786,1391,19.565701817380926,285,0
296.4357710866142,316.48497273280555,1264,30.492013875483224,249,0
300.5321511384595,309.8856596885056,1536,40.94288406922881,195,0
298.7251139128957,305.00348883852547,1470,11.761615175538576,70,0
307.5199649429134,307.4761253938589,1299,37.733406149388266,247,0
286.74515095803497,314.20310013252276,1231,35.92943589528388,145,1
305.4575342596123,312.7336678410069,1551,19.25920383651953,105,0
306.23042596248814,308.8053395041515,1327,37.25412052965395,262,0
289.6330488379593,308.1658779409266,1568,47.607327650083306,295,0
298.28656202959826,308.0412092547809,1538,11.87143379887074,69,0
298.14279567002103,305.38794907750747,1242,22.7860822116825,192,1
292.9624415264109,318.0768784473472,1571,27.52706866665421,67,0
296.11091656204565,308.3883976539433,1277,45.97041435698758,51,1
294.44712077267087,316.0857926041275,1513,48.49045786436627,284,0
308.7613522171181,317.60658025961226,1488,27.76460985985329,8,0
304.6783919657373,314.9915544907398,1469,40.001136485687645,250,0
306.3577754749708,307.84189843640974,1361,31.26644095057932,297,0
303.60836032021615,312.0186504516831,1388,31.511317389655062,183,0
294.3547411439138,309.87902196804544,1446,21.123980602654257,178,0
297.37739866860113,305.48149069634934,1587,18.67824983455518,197,0
302.4468728061396,311.621796408608,1415,21.520213836961645,127,0
293.88936095554027,304.104801044201,1514,32.25312029028317,19,1
303.56499215086194,315.9383969423078,1538,11.16620744088356,64,0
298.79837300920934,307.67691351350805,1589,46.28995777425623,181,0
298.125895962252,311.00579827936417,1576,16.25134838199105,240,0
303.5547998410175,311.4164393577307,1367,18.803547074855462,23,0
302.2213165574302,308.7054751314796,1538,30.731047057905855,82,1
298.1951691709046,312.9334690073764,1392,38.40459065349117,184,1
305.7966490168212,307.62548171688735,1482,13.829162189775893,98,0
294.5946833620005,314.35648648728625,1535,22.707787901886487,61,0
303.0796780347213,303.27010159876625,1589,48.746984222974284,285,0
302.9655062898419,310.6318978977321,1212,20.49371867123783,21,1
298.45226780343006,319.6946449952914,1439,22.522005802525875,211,0
301.6306651112106,304.9983433769721,1519,43.45993962472134,125,1
293.74443211807346,306.61127514737575,1346,12.008577267618211,41,0
304.6201350960345,312.5695392482946,1403,28.584526752358833,97,0
299.07548931778507,310.897908909698,1279,25.18467057806681,30,1
297.3863848974048,311.7531504963678,1578,22.663470396346046,157,0
305.24504612918446,312.4459356507383,1242,21.427983761790582,111,0
296.4782815472862,313.17360734280885,1288,13.654964194416369,246,0
292.9576935181822,315.54849920978114,1347,22.59303317406595,121,1
292.2168541323805,312.04909328464254,1294,11.722096108626744,272,0
303.0300497567282,308.7937117269073,1350,41.23855454577741,293,0
293.59785323751856,313.3628685060137,1201,25.929111758320467,206,0
308.77397090992184,319.49940967447606,1575,27.756153292796462,109,0
289.5903529605814,309.3368312680871,1221,45.74378345800526,277,0
308.4822818414502,305.1273534766468,1570,36.32219935444883,55,0
301.0550873360131,315.53540334643486,1512,10.322364133684792,56,0
299.516434440648,309.398094180232,1527,47.7269929184514,290,0
297.2754045659552,299.1366522699298,1206,19.48577863910845,113,0
301.9956805717604,314.2371083857521,1405,14.304567390394354,197,1
299.81182648787575,307.32335907023037,1574,40.72512713523529,178,0
305.5165094100826,309.5473335884792,1313,30.019092634668727,218,0
300.5711382433102,311.65990165284506,1471,27.3508226407207,276,1
300.7515088073094,310.95249839889533,1282,19.980123187309673,15,0
298.1819389389307,313.5472590856952,1378,31.898859594492745,60,0
299.71527188139464,307.8225681471508,1409,20.9753842081035,53,0
301.5390088444603,312.5655289908804,1527,46.063320211482704,167,0
291.4491580367169,308.7022666120804,1323,18.60817918932771,25,0
293.25907288947144,313.6940524044375,1312,45.37420601823014,64,0
303.7163204701136,313.07683742006526,1211,32.37621702909428,99,0
300.8543271906397,305.322806489777,1325,43.13952535580964,73,0
299.08008331823663,315.4299105808752,1252,38.5138398344382,191,1
300.092169665327,307.3201827744298,1530,37.867804457469944,170,0
301.7379085268084,314.0402889914057,1588,22.97383230780223,272,0
297.3012015984532,311.83643656700673,1482,19.35587725888814,186,0
296.10847637298843,319.1909183839756,1339,18.435449107231527,22,0
300.97922627548843,308.88267008814074,1589,44.28766628238355,180,0
295.10813611192486,308.25341601940903,1296,42.8170728103608,107,0
302.0412637785724,309.90290197056135,1204,27.622941120492293,161,0
291.4870819788108,308.4841010858286,1256,15.296184539858185,205,1
305.1457781866282,313.99970950971027,1533,25.290090079098334,77,0
302.3629874120652,301.9184469578171,1268,34.77373816547646,15,0
301.28014867156935,304.7315879042682,1317,28.176126179198114,95,0
304.91345491972754,304.660985392104,1575,41.2075707393198,146,0
308.3273722223129,314.7515379598679,1258,49.904912890055414,1,1
305.0718503250907,318.55306686290965,1232,17.645283537955873,9,0
290.7956288433418,309.47775390731266,1517,28.3860327863829,124,0
293.6021151663215,309.15589138404994,1249,27.23935607683288,80,1
296.8759071115216,310.3502608155659,1567,22.179701309958034,139,0
300.1304552510542,315.80939151304096,1218,17.923820668811583,149,0
302.5882951023456,305.36323432904715,1413,12.627684659586368,287,1
296.3712809342327,311.19184491367395,1396,45.484772688947935,128,0
300.9338338223854,314.87598814891214,1578,26.793947907452704,238,0
296.2230853382334,312.50547084969924,1246,29.875820740001956,57,1
296.9424109850403,310.9479080829937,1366,46.677681928036634,197,0
292.9666945157589,315.0052304628357,1488,41.051619100637915,210,0
295.38383376944546,296.4838385350038,1340,15.22005056468737,44,1
293.24157697191833,313.3893765976545,1283,32.616798704309694,96,0
295.12063373511336,306.72962158436286,1381,27.690091060782365,278,0
305.2682089830392,300.8468355157177,1590,41.88844290315051,22,0
295.2530055558403,312.5560129976249,1278,38.96930190447797,43,0
313.161910324187,316.8682927258148,1414,37.616228876442875,26,0
302.46658950440445,309.31275742686154,1213,23.621793419195875,281,1
300.9241806184744,314.7643727360147,1414,42.19854921597018,96,0
295.70821109909394,318.06139128994323,1327,12.095651823794448,35,1
303.501549397045,316.57457226792025,1509,16.38499605728669,108,0
297.1218108688111,318.19982264685694,1447,23.42493091911647,54,1
300.61004907322683,313.71063745535946,1228,13.07229764277125,191,0
312.80042269134395,310.377168194508,1479,19.399771101387664,218,0
299.51970050137675,301.99017094051413,1537,43.20603931991673,184,0
305.7463666314284,308.76968755935025,1518,47.93006151160317,68,1
296.48411787437055,305.78376702341905,1401,22.18409423096762,129,0
299.8250575475152,320.8547135874891,1560,20.58063215955353,54,0
308.85400317817755,309.1205709378383,1256,21.195706089857076,96,1
296.86516471106114,310.61602403392243,1591,21.108763494033752,86,0
309.0622427899846,312.75742688020233,1417,11.43720728743892,293,1
303.53875967727737,310.21801223186225,1261,47.07665385324432,118,0
297.18766612052866,318.4752552021538,1356,18.547925662813135,207,1
303.1620386952776,306.8867531913277,1401,26.8001629632562,153,0
304.86277224813364,310.97303727618623,1216,10.38747530963871,34,0
303.109049811086,306.28764707150975,1521,44.318203636602284,78,0
292.1488764005477,303.3998874438965,1205,39.24629377819669,66,0
296.36431412087563,306.9411545454736,1257,47.870241406948125,33,0
298.7624068222425,309.8148160147579,1524,41.26461916785596,96,1
299.6278328544998,307.8534888774137,1517,22.54826048208261,168,0
303.1033604877534,306.5378951006307,1368,19.914934349136946,168,0
300.8885050046663,302.9684126816408,1281,37.90865230213171,150,0
293.3232782064495,309.5844721368565,1418,24.564511000419976,70,0
301.9009892550298,302.476398129845,1376,32.64860063010467,2,0
303.0529287264191,313.800279818448,1403,10.25029884105881,31,1
302.7989522396552,310.4121987646725,1270,12.47542806721901,286,0
305.4039036277731,302.71224250267534,1586,31.41471764726605,81,0
304.16961077274453,308.45395461475067,1465,32.64286585792661,42,1
302.2959003961422,306.2392179720471,1297,40.05811777837374,104,0
299.64917144270674,311.5958725520959,1544,15.278612784958469,0,0
291.69519533242004,316.70225223011573,1490,30.527323350271153,60,1
302.14809109566295,300.62413765177126,1407,17.777905777267545,269,0
301.0384384358156,310.57513039573706,1201,13.727844782507788,179,0
301.3578941859769,309.1993360221668,1323,26.419831762422184,223,0
293.61625712089847,313.3567003822523,1479,16.53346592356229,5,0
294.5947172979587,311.06598314118844,1273,18.871279127692745,102,0
305.2657642666645,306.2401533413059,1365,22.70218319478007,9,0
299.8022242307167,308.40473032166693,1221,20.37553602972785,70,0
303.4075034868631,306.01987071598256,1353,13.503651896237855,89,0
300.1415918806523,315.380035692993,1494,13.596649794388092,225,0
300.14878069747874,310.1065582433597,1418,17.729976609366727,157,0
304.69141902987997,319.50595342876505,1356,12.022367518381557,227,0
297.4197763589131,309.6966959309269,1429,35.05828078707708,125,0
300.4806038847049,306.45796616544766,1219,21.49306866035608,208,0
297.6886235564748,302.43142803693587,1240,21.189838710762842,96,0
297.8275188628384,300.9843016187203,1347,23.279931769510608,73,0
298.4541393826568,302.07932028497254,1307,36.51185096838887,114,0
301.11066885816854,311.3356332550574,1283,44.825355259339624,190,0
297.6062568916826,312.54362511614966,1566,40.36347730222553,169,0
306.2787806278676,302.09404648983934,1521,39.1011692090038,203,0
295.5269634889025,314.47519157038056,1508,29.37564742403397,55,0
299.0656417791932,307.5846947415828,1489,37.75222227869647,207,0
297.80134470862913,310.73396505992775,1522,32.11049472134333,40,0
307.2348894217687,318.0611031412771,1333,18.650021127461155,31,1
300.98277388255786,314.48419657932766,1406,18.34353470964203,14,0
305.1592226973432,308.65734676047083,1482,21.855680275011338,61,0
292.57219813481515,305.5440388729236,1465,46.43210683879253,154,0
301.3352513293463,299.2409229933535,1272,31.896593615189033,283,0
304.4481539781172,306.4042334037879,1551,39.356215080074776,208,0
300.4114199463771,308.9443488058615,1247,23.862350392661902,186,1
305.32740187532676,305.0641023642441,1525,26.30863082660901,129,0
297.4135577494981,309.3437151645385,1432,15.022623145490055,126,0
307.0467372009279,310.38425941479386,1299,16.851798312866816,291,0
311.4944906180963,308.8757200909596,1258,43.09426219304582,113,1
298.1858071978017,306.7499870958827,1457,33.39354526755528,198,0
297.77248739299614,310.84327335983363,1264,23.501298635352757,12,0
307.2669223855885,312.2097032478471,1282,42.11404835982184,270,0
307.89786072865354,304.54800461278575,1353,19.86079622551932,88,0
297.3856998642337,317.05466189873135,1465,49.04130794400815,214,0
297.8990659145207,309.5070593385787,1508,23.79270430984679,277,0
298.5910769556975,310.0942481147242,1278,23.492438166049105,202,0
293.2777474448286,313.5410721162828,1514,22.47647622146821,73,0
295.406740267579,311.1660806563175,1349,14.884460636971518,24,0
294.97929616623964,314.7656831695662,1247,14.445485893280496,100,0
296.16101217447937,311.43562082600914,1578,35.92420138136494,175,0
299.8265755630661,306.93781312679783,1447,45.00472178232188,116,0
301.1710736626826,311.8075176260305,1477,41.62082041086694,165,0
307.7525024640704,304.2813689633967,1555,15.644303760854044,40,1
295.00822979630607,310.5427985288826,1297,31.82328487168266,119,0
304.9216119923829,309.8338500467777,1224,14.223661839065599,96,0
298.93005577887243,308.9594157136373,1483,11.811785744523098,144,0
299.7526814517378,309.3573124428053,1568,36.25543437539069,215,0
303.374097460833,300.5907547725118,1500,31.40609334721401,228,0
294.3863898921885,307.2563754612952,1267,13.280947408458834,129,0
301.9120487309203,310.4642245057056,1206,11.397569856239539,136,1
300.8322610410653,310.799281959987,1504,49.59025653637339,272,1
302.46225632004075,304.86162429537023,1336,11.200853285962875,116,0
301.4458432195391,316.3285392043235,1363,27.781130122006385,93,0
312.27650069955445,305.6691257589275,1282,30.18476098430782,167,0
296.81130007874344,314.84728600263367,1584,14.691205912017802,202,1
297.3450152249909,312.1359718093584,1337,16.76247113758865,148,0
296.8842973678762,306.768863450781,1272,24.0722002564141,182,0
297.22261440419874,318.87655446304757,1436,40.46703504854651,151,1
296.8130643634674,304.0318158412176,1245,30.283296962410667,73,0
305.94508265553776,314.59577086805,1305,35.51607498211846,273,0
307.1025212399493,315.00291159021486,1487,49.40698220362699,41,0
297.14626853125264,306.6468989546168,1461,40.720217412528385,211,0
295.8382221344789,316.96232650032164,1375,27.374459925648708,100,0
302.35707778193205,308.7497674270052,1365,27.857676871861948,44,0
297.23888477859515,311.4434681463993,1344,34.7508830816402,81,0
303.16465908877757,311.3016091938561,1529,36.61460833675618,16,0
301.0146151042565,309.3284562926473,1569,30.02843703346685,72,1
292.42127942501384,314.0540413657989,1482,35.794448912599194,13,1
307.7375260066503,313.9674436027611,1253,10.941299776563952,156,1
308.97938836547763,301.2573401338091,1377,27.184914555873764,222,0
296.93605654757806,316.52170121439076,1443,21.15752304293907,131,0
298.06149220032006,301.68754005982163,1540,15.166977809724415,46,0
301.4293269536245,315.1627310217083,1326,13.981860512351005,106,0
301.67228394993515,315.6335256841379,1566,34.1276866245867,107,0
303.29272136336414,304.545167848924,1470,30.94402188610447,264,0
310.0510226938317,307.94592856022706,1331,20.143364679854766,204,0
299.11526386252973,304.4714766575703,1292,28.83800235090058,78,0
296.0085137773077,308.9253948485563,1578,29.68929260729633,154,0
293.10340385992737,308.4598285790713,1272,17.80035921754463,270,0
296.3453498002904,313.8983026613467,1447,36.08372247526603,246,0
299.834365135631,316.55154373059804,1547,41.23677425544362,18,0
308.97278931758893,316.9784190539498,1472,41.65854163558076,25,0
297.41194350481913,307.1891598671085,1242,34.098793228138206,216,0
301.1189397581945,308.9538906312774,1576,30.46554330076056,153,0
299.91788551963623,301.5828090388952,1240,12.440285720215796,153,0
305.9419663672404,305.97064966751907,1369,21.513251954064234,173,0
312.6346621293681,314.82425816548727,1411,13.730857871126796,91,0
297.3456561353984,318.07791411774116,1367,48.55292643513894,180,1
297.5528027874089,303.8282556406004,1238,15.403205849030428,130,0
305.22080438534533,307.03767870423553,1568,16.071016394044083,297,0
303.40945744813155,309.8679712152054,1444,45.583064733219686,274,0
309.23353662868016,311.40080579409806,1350,47.75713133905831,272,1
302.9196409266298,305.9519824003918,1310,40.63316156939639,75,0
298.2035395460647,312.12030522232044,1246,10.216196946906795,176,0
302.95327415346156,307.6308032646454,1262,10.053850838262548,183,1
305.5435179029145,309.9277386456086,1424,25.12403079149803,130,0
304.1024109059868,312.7314212400185,1565,15.735814800435701,48,0
302.5363701555365,310.0321113490547,1268,10.73544568606389,54,0
305.33337344794575,307.81807054736714,1498,28.56266757618019,153,0
305.8464779522284,309.45195098037084,1489,47.722475896278866,199,0
306.9107949551876,309.5581852039733,1495,22.952782996097255,117,0
303.2435494379482,308.14994485058935,1402,36.44562713714786,262,1
299.1644095984157,308.7060196866645,1260,36.08941412529763,45,0
300.73356843216663,317.9932358525236,1517,20.043204146606712,188,0
306.03254483254176,312.8045972397062,1513,36.017009952954574,128,0
295.91532164506384,308.5225984098542,1360,18.49335897147565,48,0
301.8433665443645,313.48477202255367,1530,14.880296543075563,24,0
298.0333059383632,308.33090255121994,1215,38.0553314223876,265,0
300.1437241146741,315.8656231879332,1537,14.53763268415667,117,0
306.3922593130365,311.84821096099046,1293,49.87636874357421,143,0
300.9554953400995,309.46348927997883,1503,17.338096046009174,199,0
300.23218274078073,312.2385846290514,1337,33.7656745102583,156,1
293.2007192951004,302.1456192396575,1537,26.454982856503577,133,0
303.7312678301361,304.366162655451,1237,15.055456896226683,147,0
303.2274209057054,304.0303749680047,1326,11.113756303096537,70,0
310.8162736165273,310.71471547381856,1474,34.90929129171333,232,1
298.461108825235,318.66257499742545,1363,42.270302551565045,298,0
301.0957516383197,321.15650073096316,1518,43.680626460269764,153,1
301.2469184185538,313.1902555072038,1276,29.30853892307738,89,0
307.88726639881736,312.5042223747223,1373,41.09821868729542,198,0
299.5235223380652,300.9947113292363,1586,36.91388533954179,160,0
301.3951076288517,307.2866310013299,1557,38.97018109996533,25,0
303.03948254858267,306.0610812404588,1520,29.703960208872566,120,0
300.9330456157818,306.89576200874444,1575,35.33646960968508,211,1
297.76783192724736,309.15928090707604,1290,42.22103654304228,62,0
300.97044996449154,307.6395471115144,1437,25.915367022280922,67,1
305.36815874929886,300.10350094812105,1463,42.23915603470335,252,1
294.8674235029447,313.73955128058765,1378,33.68067371156251,1,0
300.6648483707344,304.636284871301,1408,16.63604097483145,107,0
296.49939592530416,311.19623432055573,1272,10.987366288983385,285,0
305.9752331446242,320.3704133487499,1589,24.510144015966084,48,0
292.3840654760811,305.4030770420679,1306,31.867853131853593,139,0
297.2053907636421,297.3485623862683,1544,43.592814088139534,217,0
301.8860593753226,308.56997889059943,1494,15.099427205609848,43,0
307.8276201461717,315.50479817499286,1568,42.00825390734317,268,0
299.67124869463504,319.791737271103,1483,44.52036184268908,77,0
297.224002366534,303.8522520277379,1552,16.027499480033352,215,0
309.40578534720294,312.4834961161826,1381,44.06377277216876,97,0
292.7599304979188,307.67344771609976,1236,49.65814271371168,235,0
289.0059702168996,309.47025822847934,1336,39.0735532419295,281,0
302.20007225026666,323.2217167350852,1537,41.39078727299952,148,0
297.4897288782369,302.4851483580242,1255,49.77661070235494,65,0
294.8938359143464,311.26869830747285,1386,34.219250021037816,233,0
303.5417822364968,312.3384658588272,1540,22.315455280649978,86,0
301.219003568856,315.42893162469676,1457,43.501233363042225,78,0
297.17960684631635,310.4899157673545,1257,34.57943110046525,204,0
293.5984780066455,311.5402526975205,1562,33.24781694883826,278,1
304.3622866414007,308.04175716289103,1322,20.14542222056153,253,0
303.2510058897933,311.34563470622555,1387,40.25337078331546,129,0
299.5041206811031,308.2840386225129,1429,13.26669103440385,83,0
309.2331849802383,313.1078594492802,1367,46.971482831786446,275,0
294.64957616836926,308.1519483197818,1313,23.03293843081939,186,1
292.3723741453763,311.8855019695109,1451,15.110986111599619,45,0
296.5404596505938,309.8536859315751,1306,27.694661324096753,182,0
299.7720699182225,315.6302512538608,1236,11.698796370261327,267,1
301.2166972466135,309.74303138205755,1534,37.38504777059865,295,0
298.79381971071837,301.1348376589656,1291,46.108220417814245,99,1
301.7602769825715,316.30960750356996,1217,43.49052028554035,77,0
293.74230287904777,305.4713384956869,1553,15.094778937915244,271,0
307.2188230203663,306.7311683067559,1262,15.050845484309274,161,0
299.5892441080372,307.02169352978257,1349,42.53737929297056,43,0
305.58647915794063,316.8721904658541,1338,46.970170984124636,237,0
301.7136267318885,299.3216289301065,1385,28.426793193339567,133,1
302.2837660957689,325.6887426683,1384,29.958844676550637,191,0
302.848836401161,315.28028404533023,1404,22.730481655429035,277,1
302.2385428000866,311.1161945706458,1459,45.77060473025656,17,0
303.21361379933774,309.72552999691857,1413,35.79611621169424,11,0
306.64576265066216,311.4277703742883,1455,21.53006308669474,179,0
300.9826058485074,312.6056121418967,1334,21.951314842170063,122,0
303.5450187879426,313.22607792975026,1260,45.648002922544094,245,0
299.55132152856385,312.7780223300172,1562,10.545360956232859,221,0
307.20058607724735,310.4479034062762,1509,22.909062909065536,50,1
296.6180384897037,309.0133078984634,1287,32.17426724865476,70,0
309.0047021645541,309.24363358173247,1523,15.928698483972985,47,0
299.7992102467783,309.0254585982366,1406,13.683950167983593,18,0
292.84612448940976,315.66885048433534,1328,42.6110532436224,261,0
300.6405220745539,312.9677836114043,1510,45.77617554594029,83,1
296.5947417126256,295.2980568266786,1202,42.944256831927575,154,0
304.20321774494363,313.2795038826488,1441,45.95151558949391,52,0
296.73688010348803,310.9736809735939,1320,32.12447884233486,106,1
297.7690828339261,309.90645621777054,1584,42.49032483961368,134,0
290.55229634527234,308.05740773455557,1301,25.361705535644017,68,0
297.7384684037546,315.62056359993005,1237,36.65071445916154,10,0
287.8806033668552,314.7376323106143,1540,49.553421255566576,142,1
292.0804858825714,306.135611660882,1332,19.029108953565096,191,0
303.8020732807215,312.03526143562266,1401,25.595989851643225,68,1
303.92900079325415,305.1417163272936,1547,29.201895092403426,22,0
302.12728780892485,303.10190917605536,1220,15.520619480802068,180,0
295.1651192843539,306.86641387705015,1441,13.24154441860227,292,0
299.76144321929013,314.3119673619138,1308,43.18891465286497,8,0
299.98198730454715,314.76562522688045,1502,49.07177491310345,270,0
294.20817655403727,312.5654271004865,1283,26.18900255318635,92,0
307.51699150883576,313.62547893424,1282,13.505993447786132,16,0
304.38681145287836,312.5808914355748,1490,12.632470427623058,153,1
298.89517913085166,306.7925920238852,1268,45.65272825441195,148,0
300.13442919497265,312.1596127233697,1328,28.552569989107198,266,1
301.0419140397378,314.0020476261384,1395,22.801092662495677,105,0
289.79132565787853,313.7714566490679,1339,29.05845084957598,34,0
298.764113087397,315.9445668573732,1482,22.732163787693892,118,0
296.590078760011,313.54151923600534,1511,29.5614310123048,13,0
294.9918999505254,311.7572410377079,1433,44.38225587671747,13,0
298.5944985355702,315.35075119158216,1222,33.69205484248383,265,0
308.9884326342476,309.8673937037547,1352,37.78615091240702,139,1
303.2042143063351,305.59062674386143,1476,24.58682704937346,293,0
297.144105051086,309.1846651802812,1260,39.54023514042075,118,0
302.8629139067808,306.27548677596775,1518,36.66468339517489,237,0
